,company_name,ChatGPT Response,amount,scale
0,Nike,"As of January 13, 2026, Nike, Inc. (NYSE: NKE) has a market capitalization of approximately $66.3 billion. Market capitalization, calculated by multiplying the current stock price by the total number of outstanding shares, represents the company's total market value.

## Stock market information for Nike, Inc. (NKE)
- Nike, Inc. is a equity in the USA market.
- The price is 66.3 USD currently with a change of 0.66 USD (0.01%) from the previous close.
- The latest open price was 66.25 USD and the intraday volume is 7417783.
- The intraday high is 67.06 USD and the intraday low is 65.47 USD.
- The latest trade time is Tuesday, January 13, 10:34:05 PST.


In addition to market capitalization, Nike's net assets, which are the total assets minus total liabilities, were reported at $13.46 billion as of August 2025. ([companiesmarketcap.com](https://companiesmarketcap.com/nike/net-assets/?utm_source=openai))

It's important to note that market capitalization reflects the company's valuation in the stock market and can fluctuate based on stock price movements, while net assets provide insight into the company's financial health by indicating the value remaining after liabilities are subtracted from assets. ",66.3,billion.
1,Disney,"As of January 13, 2026, The Walt Disney Company's market capitalization is approximately $201.42 billion. ([stockanalysis.com](https://stockanalysis.com/stocks/dis/market-cap/?utm_source=openai)) Market capitalization, calculated by multiplying the stock price by the number of outstanding shares, reflects the company's total market value.

In terms of financial position, Disney's total assets were reported at $197.05 billion as of December 28, 2024. ([fortune.com](https://fortune.com/company-assets/1596/quartr/earnings-release-8-k-90023-2025-02-05-11-29-53.pdf?utm_source=openai)) Total assets encompass all resources owned by the company, including cash, receivables, inventories, and property.

Additionally, Disney's total equity, representing the residual interest in the company's assets after deducting liabilities, stood at $106.74 billion as of December 28, 2024. ([fortune.com](https://fortune.com/company-assets/1596/quartr/earnings-release-8-k-90023-2025-02-05-11-29-53.pdf?utm_source=openai)) This figure indicates the net worth attributable to shareholders.

It's important to note that market capitalization fluctuates with stock price changes, while total assets and equity are reported periodically in financial statements.

## Stock market information for Walt Disney Co (The) (DIS)
- Walt Disney Co (The) is a equity in the USA market.
- The price is 111.91 USD currently with a change of -0.91 USD (-0.01%) from the previous close.
- The latest open price was 112.84 USD and the intraday volume is 3567697.
- The intraday high is 113.22 USD and the intraday low is 111.63 USD.
- The latest trade time is Tuesday, January 13, 10:34:16 PST.
 ",201.42,billion.
2,Amazon,"As of January 13, 2026, Amazon's market capitalization is approximately $2.38 trillion. ([stockanalysis.com](https://stockanalysis.com/stocks/amzn/market-cap/?utm_source=openai)) This figure represents the total market value of all outstanding shares of Amazon's stock.

In terms of financial performance, Amazon reported total revenue of $638 billion in 2024, an 11% increase from the previous year. Operating income for the same period was $68.6 billion, reflecting an 86% year-over-year improvement. ([ir.aboutamazon.com](https://ir.aboutamazon.com/files/doc_financials/2025/ar/2024-Shareholder-Letter-Final.pdf?utm_source=openai))

Regarding assets, Amazon's total assets were valued at $624.894 billion in 2024, up from $527.854 billion in 2023. ([capitaloneshopping.com](https://capitaloneshopping.com/research/amazon-statistics/?utm_source=openai))

It's important to note that ""net worth"" for a company is typically referred to as shareholders' equity, calculated as total assets minus total liabilities. While specific figures for Amazon's shareholders' equity in 2024 are not provided in the available sources, the company's substantial assets and market capitalization indicate a strong financial position.

## Stock market information for Amazon.com Inc. (AMZN)
- Amazon.com Inc. is a equity in the USA market.
- The price is 242.38 USD currently with a change of -4.09 USD (-0.02%) from the previous close.
- The latest open price was 246.73 USD and the intraday volume is 19706283.
- The intraday high is 247.65 USD and the intraday low is 242.36 USD.
- The latest trade time is Tuesday, January 13, 10:34:09 PST.
 ",2.38,trillion.
