,Unnamed: 0,search,links,Brief Description,Title,ChatGPT Output
0,0,Popular waterfalls in all of New York State,https://www.world-of-waterfalls.com/top-10-new-york-waterfalls/,"Letchworth State Park, Livingston County / Wyoming County, New York. To Julie and I, this was the signature waterfall of Letchworth State Park, which also ...",Top 10 Best Waterfalls in New York & How To Visit Them - World of ...,"Based on the information from the provided link, here are some notable waterfalls in New York:

1. **Taughannock Falls**: Located in Ulysses, Tompkins County, this waterfall is one of the tallest east of the Mississippi River. ([world-of-waterfalls.com](https://www.world-of-waterfalls.com/waterfalls/eastern-us-taughannock-falls/?utm_source=openai))

2. **Watkins Glen Waterfalls**: Situated in Schuyler County near Seneca Lake, Watkins Glen features a series of picturesque waterfalls within a scenic gorge. ([world-of-waterfalls.com](https://www.world-of-waterfalls.com/destinations/north-america/usa/new-york/?utm_source=openai))

3. **Kaaterskill Falls**: Found in the Catskill Mountains, Greene County, this two-tiered waterfall has a combined height of 260 feet and is renowned for its beauty, especially during the fall season. ([world-of-waterfalls.com](https://www.world-of-waterfalls.com/top-10-new-york-waterfalls.html?utm_source=openai))

4. **Middle Falls of the Genesee River**: Located in Letchworth State Park, this 107-foot waterfall is considered one of the most spectacular in the park. ([world-of-waterfalls.com](https://www.world-of-waterfalls.com/waterfalls/eastern-us-middle-falls-of-the-genesee-river-letchworth/?utm_source=openai))

5. **Chittenango Falls**: Near Cazenovia Lake, this 167-foot waterfall cascades over multiple steps, offering a photogenic scene. ([world-of-waterfalls.com](https://www.world-of-waterfalls.com/waterfalls/eastern-us-chittenango-falls/?utm_source=openai))

6. **Ithaca Falls**: Situated in Ithaca, this waterfall is approximately 75 feet high and 100 feet wide, making it one of the largest in the Finger Lakes region. ([world-of-waterfalls.com](https://www.world-of-waterfalls.com/eastern-us-ithaca-falls.html?utm_source=openai))

7. **High Falls (Chateaugay)**: Located in the Adirondacks near Malone, this waterfall features a three- or four-tiered drop totaling 120 feet. ([world-of-waterfalls.com](https://www.world-of-waterfalls.com/waterfalls/eastern-us-high-falls-chateaugay/?utm_source=openai))

8. **Buttermilk Falls**: Found in Ithaca, this series of cascades totals around 500 feet in cumulative height, with the last 80 feet being the most prominent. ([world-of-waterfalls.com](https://www.world-of-waterfalls.com/waterfalls/eastern-us-buttermilk-falls/?utm_source=openai))

9. **She-Qua-Ga Falls**: Located in Montour Falls, this 156-foot waterfall is situated behind colonial-style buildings, adding to its charm. ([world-of-waterfalls.com](https://www.world-of-waterfalls.com/eastern-us-she-qua-ga-falls.html?utm_source=openai))

10. **Medina Falls**: Situated in Medina, this 40-foot waterfall is notable for its proximity to the Erie Canal, with Oak Orchard Creek flowing beneath the canal before reaching the falls. ([world-of-waterfalls.com](https://www.world-of-waterfalls.com/waterfalls/eastern-us-medina-falls/?utm_source=openai))

These waterfalls showcase the diverse and scenic beauty of New York's natural landscapes. "
1,1,Popular waterfalls in all of New York State,https://earlybirdonthetrail.com/best-waterfalls-new-england-and-new-york/,"Jun 7, 2025 ... Here I share my favorites along with the most distinctive waterfalls in the Northeast including the tallest waterfalls in all of the states (except Maine!)",Top 21 Waterfalls in New England and New York (with Map!),"Based on the information from the provided link, here are some notable waterfalls and lakes in New England and New York:

**Vermont:**

- **Bingham Falls**: Located in Stowe, this 40-foot waterfall is accessible via a 0.5-mile trail with an elevation gain of 147 feet.

- **Moss Glen Falls**: Also in Stowe, this is Vermont's tallest waterfall, boasting an 85-foot drop. The falls are reachable by a short 0.25-mile walk.

**New Hampshire:**

- **Arethusa Falls**: Situated in Crawford Notch State Park, this 160-foot waterfall is accessible via a 2.8-mile round-trip hike with an elevation gain of 784 feet.

- **Diana's Baths**: Located in Bartlett, this series of small waterfalls and pools is reached by a 1.3-mile round-trip trail with minimal elevation gain.

**Maine:**

- **Moxie Falls**: Near The Forks, this 90-foot waterfall is accessible via a 2-mile round-trip trail with an elevation gain of 200 feet.

**Massachusetts:**

- **Bash Bish Falls**: Located in Mount Washington State Forest, this 60-foot waterfall is accessible via a 1.5-mile round-trip hike with an elevation gain of 300 feet.

**Connecticut:**

- **Kent Falls**: Situated in Kent Falls State Park, this series of cascades totaling 250 feet is accessible via a 0.25-mile trail with an elevation gain of 70 feet.

**New York:**

- **Kaaterskill Falls**: Located in the Catskill Mountains, this two-tiered waterfall has a total drop of 260 feet, making it one of the tallest in New York.

- **Taughannock Falls**: Near Ithaca, this waterfall plunges 215 feet, making it taller than Niagara Falls.

- **Buttermilk Falls**: Also near Ithaca, this picturesque waterfall is part of Buttermilk Falls State Park.

- **Watkins Glen Falls**: Located in Watkins Glen State Park, the Gorge Trail features 19 waterfalls within two miles.

- **Eternal Flame Falls**: Near Buffalo, this unique waterfall has a natural gas leak that fuels a small flame behind the cascade.

- **Middle Falls (Letchworth State Park)**: Known as the ""Grand Canyon of the East,"" this 107-foot waterfall is the most spectacular in the park.

- **Chittenango Falls**: Located in Chittenango Falls State Park, this 167-foot waterfall is surrounded by forest trails.

These waterfalls offer a variety of hiking experiences and scenic views across the New England and New York regions. "
2,2,Popular waterfalls in all of New York State,https://www.bassmaster.com/.../news/explore-the-best-waterfalls-in-new-yor...,"Aug 21, 2023 ... Tucked deep into Watkins Glen Gorge is probably the holy grail of U.S. waterfalls is the amazing Rainbow Falls. · But Watkins Glen State Park is ...",Explore the best waterfalls in New York with Andy Crawford ...,"The article ""Explore the Best Waterfalls in New York with Andy Crawford"" highlights several notable waterfalls in New York State:

- **Rainbow Falls**: Located within Watkins Glen State Park, this waterfall is renowned for its stunning beauty. The park features a gorge trail that showcases 19 waterfalls over a 1.5-mile stretch. ([bassmaster.com](https://www.bassmaster.com/go-explore/news/explore-the-best-waterfalls-in-new-york-with-andy-crawford/?utm_source=openai))

- **Great Gully Falls**: Situated near Union Springs along Highway 90, this cascade is accessible by walking upstream along the creek. Visitors should exercise caution when crossing the stream, as the rocks can be slippery. ([bassmaster.com](https://www.bassmaster.com/go-explore/news/explore-the-best-waterfalls-in-new-york-with-andy-crawford/?utm_source=openai))

- **AuSable Falls**: Found near Lake Champlain, this waterfall is visible from a bridge crossing the AuSable River. The falls are known for their impressive roar and scenic views. ([bassmaster.com](https://www.bassmaster.com/go-explore/news/explore-the-best-waterfalls-in-new-york-with-andy-crawford/?utm_source=openai))

- **Woods Falls**: Located at the junction of State Highway 15 and Woods Falls Road near Mooers, this waterfall can be viewed from an old stone bridge or by descending a narrow crevice to its base. Caution is advised due to slippery rocks. ([bassmaster.com](https://www.bassmaster.com/go-explore/news/explore-the-best-waterfalls-in-new-york-with-andy-crawford/?utm_source=openai))

- **Ithaca Falls**: This 150-foot waterfall is situated just outside Ithaca, where Fall Creek tumbles over the cascade before joining Cayuga Lake. It's easily accessible and a popular spot for picnics. ([bassmaster.com](https://www.bassmaster.com/go-explore/news/explore-the-best-waterfalls-in-new-york-with-andy-crawford/?utm_source=openai))

- **Salmon Falls**: Standing at 110 feet tall, this waterfall is located near the St. Lawrence River. A trail leads to the bottom of the cascade, offering picturesque views. ([bassmaster.com](https://www.bassmaster.com/go-explore/news/explore-the-best-waterfalls-in-new-york-with-andy-crawford/?utm_source=openai))

- **Upper and Middle Falls**: Both are part of Letchworth State Park, known as the ""Grand Canyon of the East."" The Upper Falls is the first major cascade encountered when entering the park's southern entrance, while the Middle Falls, over 100 feet tall, is just downstream. ([bassmaster.com](https://www.bassmaster.com/go-explore/news/explore-letchworth-state-park/?utm_source=openai))

These waterfalls are celebrated for their natural beauty and accessibility, making them popular destinations for visitors exploring New York's scenic landscapes. "
3,3,Popular waterfalls in all of New York State,https://uncoveringnewyork.com/finger-lakes-waterfalls/,"Oct 2, 2019 ... Taughannock Falls is the tallest single-drop waterfall east of the Rockies and is located at the heart of Taughannock Falls State Park. If you ...",50+ Incredible Finger Lakes Waterfalls You Must Visit - Uncovering ...,"The Finger Lakes region in New York is renowned for its numerous stunning waterfalls and lakes. Based on the information from the provided link, here are some notable waterfalls and lakes in the area:

**Waterfalls:**

1. **Buttermilk Falls**: Located in Buttermilk Falls State Park near Ithaca, this impressive 165-foot waterfall is easily accessible and serves as the park's main attraction. ([uncoveringnewyork.com](https://uncoveringnewyork.com/buttermilk-falls-state-park/?utm_source=openai))

2. **Taughannock Falls**: Situated in Taughannock Falls State Park, this is the tallest single-drop waterfall east of the Rockies, offering breathtaking views from both above and below. 

3. **Hector Falls**: Found along the eastern shores of Seneca Lake near Watkins Glen, Hector Falls is a 165-foot waterfall visible from Route 414, making it one of the most impressive roadside waterfalls in the region. ([uncoveringnewyork.com](https://uncoveringnewyork.com/hector-falls-near-watkins-glen/?utm_source=openai))

4. **Shequaga Falls**: Located in the heart of Montour Falls, this 165-foot waterfall is easily visible from Main Street and is one of the most impressive roadside waterfalls in the Finger Lakes. ([uncoveringnewyork.com](https://uncoveringnewyork.com/shequaga-falls/?utm_source=openai))

5. **Eagle Cliff Falls**: Situated in Havana Glen Park near Watkins Glen, this 40-foot waterfall is accessed via a short and relatively easy hike, offering a picturesque view as it flows between towering rock walls. ([uncoveringnewyork.com](https://uncoveringnewyork.com/havana-glen-park/?utm_source=openai))

**Lakes:**

1. **Seneca Lake**: The largest of the Finger Lakes, Seneca Lake is known for its deep waters and is a popular destination for boating, fishing, and wine tours.

2. **Keuka Lake**: Unique for its Y-shape, Keuka Lake is surrounded by vineyards and offers opportunities for water sports and scenic drives.

3. **Cayuga Lake**: Home to Ithaca and Cornell University, Cayuga Lake is the longest of the Finger Lakes and features numerous parks and waterfalls along its shores.

These natural attractions highlight the beauty and diversity of the Finger Lakes region, making it a must-visit destination for nature enthusiasts. "
4,4,Popular waterfalls in all of New York State,https://www.iloveny.com/.../stunning-waterfalls-youll-only-find-in-new-yor...,"Apr 26, 2024 ... 11 Stunning New York State Waterfalls to Explore This Summer · 1. Niagara Falls (Greater Niagara) · 2. Cohoes Falls (Capital-Saratoga) · 3. High ...",11 Stunning New York Waterfalls | State Parks & Landmarks,"Based on the information from the provided link, here are some notable waterfalls and lakes in New York State:

1. **Salmon River Falls (Thousand Islands-Seaway)**: This 110-foot waterfall is located within the 112-acre Salmon River Falls Unique Area. A short, accessible trail leads to viewing areas where visitors can observe the falls as they cascade over shale and limestone cliffs. ([iloveny.com](https://www.iloveny.com/blog/post/stunning-waterfalls-youll-only-find-in-new-york/?utm_source=openai))

2. **Croton Dam at Croton Gorge Park (Hudson Valley)**: The Croton Dam features a spectacular waterfall that tumbles down the rocks beside it. Croton Gorge Park, a 97-acre area at the base of the dam, offers opportunities for fishing, picnicking, and hiking, with direct trail access to New York State’s Old Croton Aqueduct. ([iloveny.com](https://www.iloveny.com/blog/post/stunning-waterfalls-youll-only-find-in-new-york/?utm_source=openai))

3. **Awosting Falls (Catskills)**: Located in Minnewaska State Park, Awosting Falls is a 60-foot waterfall that flows into Peterskill Creek. It's accessible via a 0.6-mile easy hike from the park’s lower parking area entrance. ([iloveny.com](https://www.iloveny.com/blog/post/stunning-waterfalls-youll-only-find-in-new-york/?utm_source=openai))

4. **Taughannock Falls (Finger Lakes)**: Plunging 215 feet past rocky cliffs, Taughannock Falls is three stories taller than Niagara Falls. The surrounding state park offers multiple trails, including the Gorge Trail, South Rim Trail, and North Rim Trail, each providing stunning views of the falls and gorge. ([iloveny.com](https://www.iloveny.com/blog/post/stunning-waterfalls-youll-only-find-in-new-york/?utm_source=openai))

5. **Chittenango Falls (Central New York)**: This 167-foot waterfall, formed 10,000 years ago, is the centerpiece of Chittenango Falls State Park. Visitors can hike trails that wind from the top to the bottom of the falls, offering various vantage points. ([iloveny.com](https://www.iloveny.com/blog/post/fall-for-these-new-york-state-waterfalls-this-autumn/?utm_source=openai))

6. **Letchworth State Park (Greater Niagara)**: Known as the “Grand Canyon of the East,” Letchworth State Park features three major waterfalls along the Genesee River, with cliffs as high as 600 feet. The park offers 66 miles of hiking trails and is especially radiant in the fall. ([iloveny.com](https://www.iloveny.com/blog/post/fall-for-these-new-york-state-waterfalls-this-autumn/?utm_source=openai))

7. **Niagara Falls (Greater Niagara)**: One of the world's most famous natural attractions, Niagara Falls comprises three waterfalls—Horseshoe Falls, American Falls, and Bridal Veil Falls—collectively offering breathtaking views and numerous visitor activities. ([iloveny.com](https://www.iloveny.com/blog/post/fall-for-these-new-york-state-waterfalls-this-autumn/?utm_source=openai))

8. **Watkins Glen State Park (Finger Lakes)**: This park is renowned for its 19 waterfalls and 200-foot cliffs. The Gorge Trail allows visitors to walk alongside and even behind some of the waterfalls, providing a unique experience. ([iloveny.com](https://www.iloveny.com/blog/post/fall-for-these-new-york-state-waterfalls-this-autumn/?utm_source=openai))

9. **Ithaca Falls (Finger Lakes)**: Located near downtown Ithaca, this 150-foot cascading waterfall is easily accessible and offers picturesque views without a strenuous hike. ([iloveny.com](https://www.iloveny.com/blog/post/insta-worthy-spots-in-new-york-state-for-your-summer-photos/?utm_source=openai))

10. **Green Lakes State Park (Finger Lakes)**: Home to two deep glacial lakes, Green and Round Lakes, known for their striking blue-green color. The park offers hiking trails that loop around the lakes, providing scenic views. ([iloveny.com](https://www.iloveny.com/blog/post/insta-worthy-spots-in-new-york-state-for-your-summer-photos/?utm_source=openai))

These destinations showcase the diverse and stunning natural beauty found throughout New York State. "
